{"HP":1.4599995613098145,"Speed":1.4599995613098145,"Damage":1.4599995613098145}